Year,Population Group,Offense Charged,Crime Classification,Arrests,Percent
2004,American Indian,Aggravated assault,Violent crime,3936,1.3
2004,Asian or Pacific Islander,Aggravated assault,Violent crime,3549,1.1
2004,Black,Aggravated assault,Violent crime,102355,32.7
2004,White,Aggravated assault,Violent crime,203071,64.9
2004,American Indian,All other offenses (except traffic),No classification,38333,1.4
2004,Asian or Pacific Islander,All other offenses (except traffic),No classification,32627,1.2
2004,Black,All other offenses (except traffic),No classification,811384,29.9
2004,White,All other offenses (except traffic),No classification,1833588,67.5
2004,American Indian,Arson,Property crime,116,1.1
2004,Asian or Pacific Islander,Arson,Property crime,139,1.3
2004,Black,Arson,Property crime,2244,20.4
2004,White,Arson,Property crime,8517,77.3
2004,American Indian,Burglary,Property crime,2135,1
2004,Asian or Pacific Islander,Burglary,Property crime,2023,1
2004,Black,Burglary,Property crime,56894,27
2004,White,Burglary,Property crime,149525,71
2004,American Indian,Curfew and loitering law violations,No classification,542,0.6
2004,Asian or Pacific Islander,Curfew and loitering law violations,No classification,1308,1.3
2004,Black,Curfew and loitering law violations,No classification,31150,31.8
2004,White,Curfew and loitering law violations,No classification,64932,66.3
2004,American Indian,Disorderly conduct,No classification,7165,1.5
2004,Asian or Pacific Islander,Disorderly conduct,No classification,3729,0.8
2004,Black,Disorderly conduct,No classification,150037,31.7
2004,White,Disorderly conduct,No classification,311785,66
2004,American Indian,Driving under the influence,No classification,14545,1.4
2004,Asian or Pacific Islander,Driving under the influence,No classification,10431,1
2004,Black,Driving under the influence,No classification,91480,9.1
2004,White,Driving under the influence,No classification,893212,88.5
2004,American Indian,Drug abuse violations,No classification,7850,0.6
2004,Asian or Pacific Islander,Drug abuse violations,No classification,8347,0.7
2004,Black,Drug abuse violations,No classification,406890,32.7
2004,White,Drug abuse violations,No classification,821047,66
2004,American Indian,Drunkenness,No classification,8739,2.2
2004,Asian or Pacific Islander,Drunkenness,No classification,2054,0.5
2004,Black,Drunkenness,No classification,51870,13
2004,White,Drunkenness,No classification,335537,84.3
2004,American Indian,Embezzlement,No classification,70,0.6
2004,Asian or Pacific Islander,Embezzlement,No classification,226,1.8
2004,Black,Embezzlement,No classification,3543,28.3
2004,White,Embezzlement,No classification,8685,69.3
2004,American Indian,Forgery and counterfeiting,No classification,526,0.6
2004,Asian or Pacific Islander,Forgery and counterfeiting,No classification,996,1.2
2004,Black,Forgery and counterfeiting,No classification,24065,28
2004,White,Forgery and counterfeiting,No classification,60222,70.2
2004,American Indian,Fraud,No classification,1321,0.7
2004,Asian or Pacific Islander,Fraud,No classification,1398,0.7
2004,Black,Fraud,No classification,52628,26.4
2004,White,Fraud,No classification,143688,72.2
2004,American Indian,Gambling,No classification,40,0.5
2004,Asian or Pacific Islander,Gambling,No classification,242,3.2
2004,Black,Gambling,No classification,5165,68.5
2004,White,Gambling,No classification,2093,27.8
2004,American Indian,Larceny-theft,Property crime,10926,1.3
2004,Asian or Pacific Islander,Larceny-theft,Property crime,12266,1.4
2004,Black,Larceny-theft,Property crime,238587,27.9
2004,White,Larceny-theft,Property crime,594742,69.4
2004,American Indian,Liquor laws,No classification,11611,2.7
2004,Asian or Pacific Islander,Liquor laws,No classification,4533,1
2004,Black,Liquor laws,No classification,44024,10.1
2004,White,Liquor laws,No classification,375228,86.2
2004,American Indian,Motor vehicle theft,Property crime,1056,1
2004,Asian or Pacific Islander,Motor vehicle theft,Property crime,1510,1.4
2004,Black,Motor vehicle theft,Property crime,35952,34.1
2004,White,Motor vehicle theft,Property crime,66948,63.5
2004,American Indian,Murder and nonnegligent manslaughter,Violent crime,102,1.1
2004,Asian or Pacific Islander,Murder and nonnegligent manslaughter,Violent crime,117,1.2
2004,Black,Murder and nonnegligent manslaughter,Violent crime,4504,47.2
2004,White,Murder and nonnegligent manslaughter,Violent crime,4816,50.5
2004,American Indian,Offenses against the family and children,No classification,1391,1.6
2004,Asian or Pacific Islander,Offenses against the family and children,No classification,501,0.6
2004,Black,Offenses against the family and children,No classification,25636,29.2
2004,White,Offenses against the family and children,No classification,60162,68.6
2004,American Indian,Other assaults,No classification,12186,1.3
2004,Asian or Pacific Islander,Other assaults,No classification,10504,1.1
2004,Black,Other assaults,No classification,288286,31.4
2004,White,Other assaults,No classification,606261,66.1
2004,American Indian,Prostitution and commercialized vice,No classification,369,0.6
2004,Asian or Pacific Islander,Prostitution and commercialized vice,No classification,1235,2
2004,Black,Prostitution and commercialized vice,No classification,24979,40.1
2004,White,Prostitution and commercialized vice,No classification,35759,57.4
2004,American Indian,Rape,Violent crime,238,1.3
2004,Asian or Pacific Islander,Rape,Violent crime,208,1.1
2004,Black,Rape,Violent crime,5903,31.9
2004,White,Rape,Violent crime,12140,65.7
2004,American Indian,Robbery,Violent crime,468,0.6
2004,Asian or Pacific Islander,Robbery,Violent crime,716,0.9
2004,Black,Robbery,Violent crime,41774,53.3
2004,White,Robbery,Violent crime,35439,45.2
2004,American Indian,Runaways,No classification,1351,1.6
2004,Asian or Pacific Islander,Runaways,No classification,3191,3.7
2004,Black,Runaways,No classification,18263,21.3
2004,White,Runaways,No classification,63121,73.5
2004,American Indian,Sex offenses (except rape and prostitution),No classification,600,0.9
2004,Asian or Pacific Islander,Sex offenses (except rape and prostitution),No classification,786,1.2
2004,Black,Sex offenses (except rape and prostitution),No classification,15331,23.8
2004,White,Sex offenses (except rape and prostitution),No classification,47805,74.1
2004,American Indian,"Stolen property; buying, receiving, possessing",No classification,690,0.7
2004,Asian or Pacific Islander,"Stolen property; buying, receiving, possessing",No classification,884,1
2004,Black,"Stolen property; buying, receiving, possessing",No classification,32367,35.1
2004,White,"Stolen property; buying, receiving, possessing",No classification,58338,63.2
2004,American Indian,Suspicion,No classification,32,1.3
2004,Asian or Pacific Islander,Suspicion,No classification,1,0.001
2004,Black,Suspicion,No classification,779,31.1
2004,White,Suspicion,No classification,1696,67.6
2004,American Indian,Vagrancy,No classification,462,1.8
2004,Asian or Pacific Islander,Vagrancy,No classification,157,0.6
2004,Black,Vagrancy,No classification,9038,35.2
2004,White,Vagrancy,No classification,16000,62.4
2004,American Indian,Vandalism,No classification,2795,1.4
2004,Asian or Pacific Islander,Vandalism,No classification,1962,1
2004,Black,Vandalism,No classification,41149,21.1
2004,White,Vandalism,No classification,149149,76.5
2004,American Indian,"Weapons; carrying, possessing, etc.",No classification,950,0.8
2004,Asian or Pacific Islander,"Weapons; carrying, possessing, etc.",No classification,1206,1
2004,Black,"Weapons; carrying, possessing, etc.",No classification,44493,35.4
2004,White,"Weapons; carrying, possessing, etc.",No classification,79004,62.9
2005,American Indian,Aggravated assault,Violent crime,3949,1.2
2005,Asian or Pacific Islander,Aggravated assault,Violent crime,3710,1.1
2005,Black,Aggravated assault,Violent crime,112645,34.5
2005,White,Aggravated assault,Violent crime,206417,63.2
2005,American Indian,All other offenses (except traffic),No classification,37935,1.3
2005,Asian or Pacific Islander,All other offenses (except traffic),No classification,33788,1.2
2005,Black,All other offenses (except traffic),No classification,872571,30
2005,White,All other offenses (except traffic),No classification,1962017,67.5
2005,American Indian,Arson,Property crime,116,1
2005,Asian or Pacific Islander,Arson,Property crime,164,1.4
2005,Black,Arson,Property crime,2591,21.6
2005,White,Arson,Property crime,9101,76
2005,American Indian,Burglary,Property crime,2123,1
2005,Asian or Pacific Islander,Burglary,Property crime,1989,0.9
2005,Black,Burglary,Property crime,64655,29.2
2005,White,Burglary,Property crime,152965,69
2005,American Indian,Curfew and loitering law violations,No classification,814,0.7
2005,Asian or Pacific Islander,Curfew and loitering law violations,No classification,1232,1.1
2005,Black,Curfew and loitering law violations,No classification,42496,37.2
2005,White,Curfew and loitering law violations,No classification,69624,61
2005,American Indian,Disorderly conduct,No classification,7606,1.5
2005,Asian or Pacific Islander,Disorderly conduct,No classification,3934,0.8
2005,Black,Disorderly conduct,No classification,179733,34.7
2005,White,Disorderly conduct,No classification,325991,63
2005,American Indian,Driving under the influence,No classification,13484,1.3
2005,Asian or Pacific Islander,Driving under the influence,No classification,11681,1.1
2005,Black,Driving under the influence,No classification,95260,9.2
2005,White,Driving under the influence,No classification,914226,88.4
2005,American Indian,Drug abuse violations,No classification,8198,0.6
2005,Asian or Pacific Islander,Drug abuse violations,No classification,9607,0.7
2005,Black,Drug abuse violations,No classification,483886,35.1
2005,White,Drug abuse violations,No classification,875101,63.6
2005,American Indian,Drunkenness,No classification,7884,1.9
2005,Asian or Pacific Islander,Drunkenness,No classification,2287,0.6
2005,Black,Drunkenness,No classification,54113,13.2
2005,White,Drunkenness,No classification,344155,84.3
2005,American Indian,Embezzlement,No classification,82,0.6
2005,Asian or Pacific Islander,Embezzlement,No classification,214,1.5
2005,Black,Embezzlement,No classification,4741,32.2
2005,White,Embezzlement,No classification,9668,65.7
2005,American Indian,Forgery and counterfeiting,No classification,433,0.5
2005,Asian or Pacific Islander,Forgery and counterfeiting,No classification,926,1.2
2005,Black,Forgery and counterfeiting,No classification,22337,28.2
2005,White,Forgery and counterfeiting,No classification,55562,70.1
2005,American Indian,Fraud,No classification,1213,0.6
2005,Asian or Pacific Islander,Fraud,No classification,1301,0.7
2005,Black,Fraud,No classification,59087,30
2005,White,Fraud,No classification,135329,68.7
2005,American Indian,Gambling,No classification,12,0.1
2005,Asian or Pacific Islander,Gambling,No classification,164,1.8
2005,Black,Gambling,No classification,6467,71.8
2005,White,Gambling,No classification,2358,26.2
2005,American Indian,Larceny-theft,Property crime,9377,1.2
2005,Asian or Pacific Islander,Larceny-theft,Property crime,10569,1.3
2005,Black,Larceny-theft,Property crime,230980,28.9
2005,White,Larceny-theft,Property crime,548057,68.6
2005,American Indian,Liquor laws,No classification,12831,2.8
2005,Asian or Pacific Islander,Liquor laws,No classification,5389,1.2
2005,Black,Liquor laws,No classification,50035,10.7
2005,White,Liquor laws,No classification,398068,85.4
2005,American Indian,Motor vehicle theft,Property crime,978,1
2005,Asian or Pacific Islander,Motor vehicle theft,Property crime,1428,1.4
2005,Black,Motor vehicle theft,Property crime,35116,34.9
2005,White,Motor vehicle theft,Property crime,63090,62.7
2005,American Indian,Murder and nonnegligent manslaughter,Violent crime,110,1.1
2005,Asian or Pacific Islander,Murder and nonnegligent manslaughter,Violent crime,106,1.1
2005,Black,Murder and nonnegligent manslaughter,Violent crime,4990,50.9
2005,White,Murder and nonnegligent manslaughter,Violent crime,4595,46.9
2005,American Indian,Offenses against the family and children,No classification,1678,1.8
2005,Asian or Pacific Islander,Offenses against the family and children,No classification,576,0.6
2005,Black,Offenses against the family and children,No classification,28086,30.7
2005,White,Offenses against the family and children,No classification,61278,66.9
2005,American Indian,Other assaults,No classification,13097,1.4
2005,Asian or Pacific Islander,Other assaults,No classification,10940,1.2
2005,Black,Other assaults,No classification,306078,32.2
2005,White,Other assaults,No classification,619825,65.2
2005,American Indian,Prostitution and commercialized vice,No classification,569,1
2005,Asian or Pacific Islander,Prostitution and commercialized vice,No classification,1608,2.7
2005,Black,Prostitution and commercialized vice,No classification,23612,39.6
2005,White,Prostitution and commercialized vice,No classification,33827,56.7
2005,American Indian,Rape,Violent crime,195,1.1
2005,Asian or Pacific Islander,Rape,Violent crime,189,1.1
2005,Black,Rape,Violent crime,5536,32.5
2005,White,Rape,Violent crime,11122,65.3
2005,American Indian,Robbery,Violent crime,611,0.7
2005,Asian or Pacific Islander,Robbery,Violent crime,822,0.9
2005,Black,Robbery,Violent crime,52541,56.3
2005,White,Robbery,Violent crime,39419,42.2
2005,American Indian,Runaways,No classification,1489,1.8
2005,Asian or Pacific Islander,Runaways,No classification,3971,4.7
2005,Black,Runaways,No classification,20896,25
2005,White,Runaways,No classification,57393,68.5
2005,American Indian,Sex offenses (except rape and prostitution),No classification,640,1
2005,Asian or Pacific Islander,Sex offenses (except rape and prostitution),No classification,749,1.2
2005,Black,Sex offenses (except rape and prostitution),No classification,15465,24.5
2005,White,Sex offenses (except rape and prostitution),No classification,46194,73.3
2005,American Indian,"Stolen property; buying, receiving, possessing",No classification,670,0.7
2005,Asian or Pacific Islander,"Stolen property; buying, receiving, possessing",No classification,847,0.9
2005,Black,"Stolen property; buying, receiving, possessing",No classification,30267,33.7
2005,White,"Stolen property; buying, receiving, possessing",No classification,58066,64.6
2005,American Indian,Suspicion,No classification,41,2.4
2005,Asian or Pacific Islander,Suspicion,No classification,13,0.8
2005,Black,Suspicion,No classification,658,38.2
2005,White,Suspicion,No classification,1011,58.7
2005,American Indian,Vagrancy,No classification,333,1.2
2005,Asian or Pacific Islander,Vagrancy,No classification,137,0.5
2005,Black,Vagrancy,No classification,11238,41.6
2005,White,Vagrancy,No classification,15308,56.7
2005,American Indian,Vandalism,No classification,2987,1.4
2005,Asian or Pacific Islander,Vandalism,No classification,2366,1.1
2005,Black,Vandalism,No classification,48781,22.2
2005,White,Vandalism,No classification,165518,75.4
2005,American Indian,"Weapons; carrying, possessing, etc.",No classification,1134,0.8
2005,Asian or Pacific Islander,"Weapons; carrying, possessing, etc.",No classification,1386,0.9
2005,Black,"Weapons; carrying, possessing, etc.",No classification,59863,40.6
2005,White,"Weapons; carrying, possessing, etc.",No classification,84929,57.7
2006,American Indian,Aggravated assault,Violent crime,3949,1.2
2006,Asian or Pacific Islander,Aggravated assault,Violent crime,3710,1.1
2006,Black,Aggravated assault,Violent crime,112645,34.5
2006,White,Aggravated assault,Violent crime,206417,63.2
2006,American Indian,All other offenses (except traffic),No classification,37935,1.3
2006,Asian or Pacific Islander,All other offenses (except traffic),No classification,33788,1.2
2006,Black,All other offenses (except traffic),No classification,872571,30
2006,White,All other offenses (except traffic),No classification,1962017,67.5
2006,American Indian,Arson,Property crime,116,1
2006,Asian or Pacific Islander,Arson,Property crime,164,1.4
2006,Black,Arson,Property crime,2591,21.6
2006,White,Arson,Property crime,9101,76
2006,American Indian,Burglary,Property crime,2123,1
2006,Asian or Pacific Islander,Burglary,Property crime,1989,0.9
2006,Black,Burglary,Property crime,64655,29.2
2006,White,Burglary,Property crime,152965,69
2006,American Indian,Curfew and loitering law violations,No classification,814,0.7
2006,Asian or Pacific Islander,Curfew and loitering law violations,No classification,1232,1.1
2006,Black,Curfew and loitering law violations,No classification,42496,37.2
2006,White,Curfew and loitering law violations,No classification,69624,61
2006,American Indian,Disorderly conduct,No classification,7606,1.5
2006,Asian or Pacific Islander,Disorderly conduct,No classification,3934,0.8
2006,Black,Disorderly conduct,No classification,179733,34.7
2006,White,Disorderly conduct,No classification,325991,63
2006,American Indian,Driving under the influence,No classification,13484,1.3
2006,Asian or Pacific Islander,Driving under the influence,No classification,11681,1.1
2006,Black,Driving under the influence,No classification,95260,9.2
2006,White,Driving under the influence,No classification,914226,88.4
2006,American Indian,Drug abuse violations,No classification,8198,0.6
2006,Asian or Pacific Islander,Drug abuse violations,No classification,9607,0.7
2006,Black,Drug abuse violations,No classification,483886,35.1
2006,White,Drug abuse violations,No classification,875101,63.6
2006,American Indian,Drunkenness,No classification,7884,1.9
2006,Asian or Pacific Islander,Drunkenness,No classification,2287,0.6
2006,Black,Drunkenness,No classification,54113,13.2
2006,White,Drunkenness,No classification,344155,84.3
2006,American Indian,Embezzlement,No classification,82,0.6
2006,Asian or Pacific Islander,Embezzlement,No classification,214,1.5
2006,Black,Embezzlement,No classification,4741,32.2
2006,White,Embezzlement,No classification,9668,65.7
2006,American Indian,Forgery and counterfeiting,No classification,433,0.5
2006,Asian or Pacific Islander,Forgery and counterfeiting,No classification,926,1.2
2006,Black,Forgery and counterfeiting,No classification,22337,28.2
2006,White,Forgery and counterfeiting,No classification,55562,70.1
2006,American Indian,Fraud,No classification,1213,0.6
2006,Asian or Pacific Islander,Fraud,No classification,1301,0.7
2006,Black,Fraud,No classification,59087,30
2006,White,Fraud,No classification,135329,68.7
2006,American Indian,Gambling,No classification,12,0.1
2006,Asian or Pacific Islander,Gambling,No classification,164,1.8
2006,Black,Gambling,No classification,6467,71.8
2006,White,Gambling,No classification,2358,26.2
2006,American Indian,Larceny-theft,Property crime,9377,1.2
2006,Asian or Pacific Islander,Larceny-theft,Property crime,10569,1.3
2006,Black,Larceny-theft,Property crime,230980,28.9
2006,White,Larceny-theft,Property crime,548057,68.6
2006,American Indian,Liquor laws,No classification,12831,2.8
2006,Asian or Pacific Islander,Liquor laws,No classification,5389,1.2
2006,Black,Liquor laws,No classification,50035,10.7
2006,White,Liquor laws,No classification,398068,85.4
2006,American Indian,Motor vehicle theft,Property crime,978,1
2006,Asian or Pacific Islander,Motor vehicle theft,Property crime,1428,1.4
2006,Black,Motor vehicle theft,Property crime,35116,34.9
2006,White,Motor vehicle theft,Property crime,63090,62.7
2006,American Indian,Murder and nonnegligent manslaughter,Violent crime,110,1.1
2006,Asian or Pacific Islander,Murder and nonnegligent manslaughter,Violent crime,106,1.1
2006,Black,Murder and nonnegligent manslaughter,Violent crime,4990,50.9
2006,White,Murder and nonnegligent manslaughter,Violent crime,4595,46.9
2006,American Indian,Offenses against the family and children,No classification,1678,1.8
2006,Asian or Pacific Islander,Offenses against the family and children,No classification,576,0.6
2006,Black,Offenses against the family and children,No classification,28086,30.7
2006,White,Offenses against the family and children,No classification,61278,66.9
2006,American Indian,Other assaults,No classification,13097,1.4
2006,Asian or Pacific Islander,Other assaults,No classification,10940,1.2
2006,Black,Other assaults,No classification,306078,32.2
2006,White,Other assaults,No classification,619825,65.2
2006,American Indian,Prostitution and commercialized vice,No classification,569,1
2006,Asian or Pacific Islander,Prostitution and commercialized vice,No classification,1608,2.7
2006,Black,Prostitution and commercialized vice,No classification,23612,39.6
2006,White,Prostitution and commercialized vice,No classification,33827,56.7
2006,American Indian,Rape,Violent crime,195,1.1
2006,Asian or Pacific Islander,Rape,Violent crime,189,1.1
2006,Black,Rape,Violent crime,5536,32.5
2006,White,Rape,Violent crime,11122,65.3
2006,American Indian,Robbery,Violent crime,611,0.7
2006,Asian or Pacific Islander,Robbery,Violent crime,822,0.9
2006,Black,Robbery,Violent crime,52541,56.3
2006,White,Robbery,Violent crime,39419,42.2
2006,American Indian,Runaways,No classification,1489,1.8
2006,Asian or Pacific Islander,Runaways,No classification,3971,4.7
2006,Black,Runaways,No classification,20896,25
2006,White,Runaways,No classification,57393,68.5
2006,American Indian,Sex offenses (except rape and prostitution),No classification,640,1
2006,Asian or Pacific Islander,Sex offenses (except rape and prostitution),No classification,749,1.2
2006,Black,Sex offenses (except rape and prostitution),No classification,15465,24.5
2006,White,Sex offenses (except rape and prostitution),No classification,46194,73.3
2006,American Indian,"Stolen property; buying, receiving, possessing",No classification,670,0.7
2006,Asian or Pacific Islander,"Stolen property; buying, receiving, possessing",No classification,847,0.9
2006,Black,"Stolen property; buying, receiving, possessing",No classification,30267,33.7
2006,White,"Stolen property; buying, receiving, possessing",No classification,58066,64.6
2006,American Indian,Suspicion,No classification,41,2.4
2006,Asian or Pacific Islander,Suspicion,No classification,13,0.8
2006,Black,Suspicion,No classification,658,38.2
2006,White,Suspicion,No classification,1011,58.7
2006,American Indian,Vagrancy,No classification,333,1.2
2006,Asian or Pacific Islander,Vagrancy,No classification,137,0.5
2006,Black,Vagrancy,No classification,11238,41.6
2006,White,Vagrancy,No classification,15308,56.7
2006,American Indian,Vandalism,No classification,2987,1.4
2006,Asian or Pacific Islander,Vandalism,No classification,2366,1.1
2006,Black,Vandalism,No classification,48781,22.2
2006,White,Vandalism,No classification,165518,75.4
2006,American Indian,"Weapons; carrying, possessing, etc.",No classification,1134,0.8
2006,Asian or Pacific Islander,"Weapons; carrying, possessing, etc.",No classification,1386,0.9
2006,Black,"Weapons; carrying, possessing, etc.",No classification,59863,40.6
2006,White,"Weapons; carrying, possessing, etc.",No classification,84929,57.7
2007,American Indian,Aggravated assault,Violent crime,4374,1.3
2007,Asian or Pacific Islander,Aggravated assault,Violent crime,3156,1
2007,Black,Aggravated assault,Violent crime,109985,33.7
2007,White,Aggravated assault,Violent crime,208762,64
2007,American Indian,All other offenses (except traffic),No classification,40546,1.4
2007,Asian or Pacific Islander,All other offenses (except traffic),No classification,20169,0.7
2007,Black,All other offenses (except traffic),No classification,905656,30.8
2007,White,All other offenses (except traffic),No classification,1969862,67.1
2007,American Indian,Arson,Property crime,119,1
2007,Asian or Pacific Islander,Arson,Property crime,105,0.9
2007,Black,Arson,Property crime,2666,23.4
2007,White,Arson,Property crime,8510,74.6
2007,American Indian,Burglary,Property crime,2191,1
2007,Asian or Pacific Islander,Burglary,Property crime,1661,0.7
2007,Black,Burglary,Property crime,68052,29.8
2007,White,Burglary,Property crime,156442,68.5
2007,American Indian,Curfew and loitering law violations,No classification,964,0.9
2007,Asian or Pacific Islander,Curfew and loitering law violations,No classification,1129,1
2007,Black,Curfew and loitering law violations,No classification,37532,34.3
2007,White,Curfew and loitering law violations,No classification,69950,63.8
2007,American Indian,Disorderly conduct,No classification,8376,1.6
2007,Asian or Pacific Islander,Disorderly conduct,No classification,3454,0.6
2007,Black,Disorderly conduct,No classification,183810,34.2
2007,White,Disorderly conduct,No classification,342169,63.6
2007,American Indian,Driving under the influence,No classification,14251,1.4
2007,Asian or Pacific Islander,Driving under the influence,No classification,9627,0.9
2007,Black,Driving under the influence,No classification,97472,9.3
2007,White,Driving under the influence,No classification,929453,88.5
2007,American Indian,Drug abuse violations,No classification,8872,0.6
2007,Asian or Pacific Islander,Drug abuse violations,No classification,8115,0.6
2007,Black,Drug abuse violations,No classification,485054,35.1
2007,White,Drug abuse violations,No classification,880742,63.7
2007,American Indian,Drunkenness,No classification,8891,2
2007,Asian or Pacific Islander,Drunkenness,No classification,2508,0.6
2007,Black,Drunkenness,No classification,62278,13.9
2007,White,Drunkenness,No classification,375440,83.6
2007,American Indian,Embezzlement,No classification,95,0.6
2007,Asian or Pacific Islander,Embezzlement,No classification,228,1.3
2007,Black,Embezzlement,No classification,5818,34.3
2007,White,Embezzlement,No classification,10813,63.8
2007,American Indian,Forgery and counterfeiting,No classification,414,0.5
2007,Asian or Pacific Islander,Forgery and counterfeiting,No classification,747,1
2007,Black,Forgery and counterfeiting,No classification,22460,28.9
2007,White,Forgery and counterfeiting,No classification,54136,69.6
2007,American Indian,Fraud,No classification,1369,0.7
2007,Asian or Pacific Islander,Fraud,No classification,1125,0.6
2007,Black,Fraud,No classification,54575,29.6
2007,White,Fraud,No classification,127377,69.1
2007,American Indian,Gambling,No classification,20,0.2
2007,Asian or Pacific Islander,Gambling,No classification,117,1.3
2007,Black,Gambling,No classification,6805,74.4
2007,White,Gambling,No classification,2199,24.1
2007,American Indian,Larceny-theft,Property crime,11885,1.3
2007,Asian or Pacific Islander,Larceny-theft,Property crime,9993,1.1
2007,Black,Larceny-theft,Property crime,261730,29.3
2007,White,Larceny-theft,Property crime,610607,68.3
2007,American Indian,Liquor laws,No classification,14422,3
2007,Asian or Pacific Islander,Liquor laws,No classification,4649,1
2007,Black,Liquor laws,No classification,49434,10.4
2007,White,Liquor laws,No classification,406221,85.6
2007,American Indian,Motor vehicle theft,Property crime,1041,1.2
2007,Asian or Pacific Islander,Motor vehicle theft,Property crime,808,0.9
2007,Black,Motor vehicle theft,Property crime,31765,35.8
2007,White,Motor vehicle theft,Property crime,55229,62.2
2007,American Indian,Murder and nonnegligent manslaughter,Violent crime,99,1
2007,Asian or Pacific Islander,Murder and nonnegligent manslaughter,Violent crime,101,1
2007,Black,Murder and nonnegligent manslaughter,Violent crime,5078,50.4
2007,White,Murder and nonnegligent manslaughter,Violent crime,4789,47.6
2007,American Indian,Offenses against the family and children,No classification,1686,1.9
2007,Asian or Pacific Islander,Offenses against the family and children,No classification,537,0.6
2007,Black,Offenses against the family and children,No classification,26090,29.5
2007,White,Offenses against the family and children,No classification,60124,68
2007,American Indian,Other assaults,No classification,14028,1.4
2007,Asian or Pacific Islander,Other assaults,No classification,8276,0.8
2007,Black,Other assaults,No classification,316217,32.3
2007,White,Other assaults,No classification,641991,65.5
2007,American Indian,Prostitution and commercialized vice,No classification,550,0.9
2007,Asian or Pacific Islander,Prostitution and commercialized vice,No classification,1316,2.2
2007,Black,Prostitution and commercialized vice,No classification,23251,39.2
2007,White,Prostitution and commercialized vice,No classification,34190,57.6
2007,American Indian,Rape,Violent crime,213,1.2
2007,Asian or Pacific Islander,Rape,Violent crime,153,0.9
2007,Black,Rape,Violent crime,5708,33.5
2007,White,Rape,Violent crime,10984,64.4
2007,American Indian,Robbery,Violent crime,602,0.6
2007,Asian or Pacific Islander,Robbery,Violent crime,635,0.7
2007,Black,Robbery,Violent crime,54774,56.7
2007,White,Robbery,Violent crime,40573,42
2007,American Indian,Runaways,No classification,1687,2.1
2007,Asian or Pacific Islander,Runaways,No classification,1158,1.4
2007,Black,Runaways,No classification,22398,27.2
2007,White,Runaways,No classification,56975,69.3
2007,American Indian,Sex offenses (except rape and prostitution),No classification,633,1
2007,Asian or Pacific Islander,Sex offenses (except rape and prostitution),No classification,620,1
2007,Black,Sex offenses (except rape and prostitution),No classification,15372,24.6
2007,White,Sex offenses (except rape and prostitution),No classification,45961,73.4
2007,American Indian,"Stolen property; buying, receiving, possessing",No classification,735,0.8
2007,Asian or Pacific Islander,"Stolen property; buying, receiving, possessing",No classification,762,0.8
2007,Black,"Stolen property; buying, receiving, possessing",No classification,32570,35.4
2007,White,"Stolen property; buying, receiving, possessing",No classification,57870,62.9
2007,American Indian,Suspicion,No classification,4,0.3
2007,Asian or Pacific Islander,Suspicion,No classification,14,0.9
2007,Black,Suspicion,No classification,649,41.3
2007,White,Suspicion,No classification,904,57.5
2007,American Indian,Vagrancy,No classification,501,2
2007,Asian or Pacific Islander,Vagrancy,No classification,116,0.5
2007,Black,Vagrancy,No classification,9474,37
2007,White,Vagrancy,No classification,15493,60.6
2007,American Indian,Vandalism,No classification,3340,1.5
2007,Asian or Pacific Islander,Vandalism,No classification,1872,0.9
2007,Black,Vandalism,No classification,48642,22.1
2007,White,Vandalism,No classification,166201,75.5
2007,American Indian,"Weapons; carrying, possessing, etc.",No classification,1061,0.7
2007,Asian or Pacific Islander,"Weapons; carrying, possessing, etc.",No classification,1252,0.9
2007,Black,"Weapons; carrying, possessing, etc.",No classification,57745,40.6
2007,White,"Weapons; carrying, possessing, etc.",No classification,82311,57.8
2008,American Indian,Aggravated assault,Violent crime,4453,1.4
2008,Asian or Pacific Islander,Aggravated assault,Violent crime,3877,1.2
2008,Black,Aggravated assault,Violent crime,112325,34.2
2008,White,Aggravated assault,Violent crime,208081,63.3
2008,American Indian,All other offenses (except traffic),No classification,40237,1.4
2008,Asian or Pacific Islander,All other offenses (except traffic),No classification,36820,1.3
2008,Black,All other offenses (except traffic),No classification,898881,30.9
2008,White,All other offenses (except traffic),No classification,1931327,66.4
2008,American Indian,Arson,Property crime,132,1.2
2008,Asian or Pacific Islander,Arson,Property crime,132,1.2
2008,Black,Arson,Property crime,2331,21.7
2008,White,Arson,Property crime,8139,75.8
2008,American Indian,Burglary,Property crime,2077,0.9
2008,Asian or Pacific Islander,Burglary,Property crime,2118,0.9
2008,Black,Burglary,Property crime,73960,31.4
2008,White,Burglary,Property crime,157252,66.8
2008,American Indian,Curfew and loitering law violations,No classification,828,0.8
2008,Asian or Pacific Islander,Curfew and loitering law violations,No classification,1280,1.2
2008,Black,Curfew and loitering law violations,No classification,36223,34.8
2008,White,Curfew and loitering law violations,No classification,65661,63.1
2008,American Indian,Disorderly conduct,No classification,8641,1.6
2008,Asian or Pacific Islander,Disorderly conduct,No classification,4215,0.8
2008,Black,Disorderly conduct,No classification,180073,34.1
2008,White,Disorderly conduct,No classification,334697,63.4
2008,American Indian,Driving under the influence,No classification,14706,1.3
2008,Asian or Pacific Islander,Driving under the influence,No classification,14371,1.3
2008,Black,Driving under the influence,No classification,110682,10
2008,White,Driving under the influence,No classification,964583,87.3
2008,American Indian,Drug abuse violations,No classification,8408,0.6
2008,Asian or Pacific Islander,Drug abuse violations,No classification,9278,0.7
2008,Black,Drug abuse violations,No classification,452590,34.8
2008,White,Drug abuse violations,No classification,829432,63.8
2008,American Indian,Drunkenness,No classification,8901,1.9
2008,Asian or Pacific Islander,Drunkenness,No classification,2635,0.6
2008,Black,Drunkenness,No classification,70969,15
2008,White,Drunkenness,No classification,390057,82.5
2008,American Indian,Embezzlement,No classification,95,0.6
2008,Asian or Pacific Islander,Embezzlement,No classification,247,1.5
2008,Black,Embezzlement,No classification,5455,33.4
2008,White,Embezzlement,No classification,10517,64.5
2008,American Indian,Forgery and counterfeiting,No classification,334,0.5
2008,Asian or Pacific Islander,Forgery and counterfeiting,No classification,754,1.1
2008,Black,Forgery and counterfeiting,No classification,21073,30.7
2008,White,Forgery and counterfeiting,No classification,46425,67.7
2008,American Indian,Fraud,No classification,1424,0.8
2008,Asian or Pacific Islander,Fraud,No classification,1418,0.8
2008,Black,Fraud,No classification,53508,30.8
2008,White,Fraud,No classification,117217,67.5
2008,American Indian,Gambling,No classification,21,0.3
2008,Asian or Pacific Islander,Gambling,No classification,158,2.1
2008,Black,Gambling,No classification,5712,75
2008,White,Gambling,No classification,1720,22.6
2008,American Indian,Larceny-theft,Property crime,12684,1.3
2008,Asian or Pacific Islander,Larceny-theft,Property crime,13257,1.4
2008,Black,Larceny-theft,Property crime,286844,29.3
2008,White,Larceny-theft,Property crime,666360,68.1
2008,American Indian,Liquor laws,No classification,13997,2.9
2008,Asian or Pacific Islander,Liquor laws,No classification,5328,1.1
2008,Black,Liquor laws,No classification,54878,11.5
2008,White,Liquor laws,No classification,400995,84.4
2008,American Indian,Motor vehicle theft,Property crime,795,1.1
2008,Asian or Pacific Islander,Motor vehicle theft,Property crime,902,1.2
2008,Black,Motor vehicle theft,Property crime,28510,38.1
2008,White,Motor vehicle theft,Property crime,44674,59.7
2008,American Indian,Murder and nonnegligent manslaughter,Violent crime,99,1
2008,Asian or Pacific Islander,Murder and nonnegligent manslaughter,Violent crime,104,1.1
2008,Black,Murder and nonnegligent manslaughter,Violent crime,4935,50.1
2008,White,Murder and nonnegligent manslaughter,Violent crime,4721,47.9
2008,American Indian,Offenses against the family and children,No classification,1646,1.9
2008,Asian or Pacific Islander,Offenses against the family and children,No classification,586,0.7
2008,Black,Offenses against the family and children,No classification,26527,30.8
2008,White,Offenses against the family and children,No classification,57292,66.6
2008,American Indian,Other assaults,No classification,14237,1.4
2008,Asian or Pacific Islander,Other assaults,No classification,11620,1.2
2008,Black,Other assaults,No classification,319498,32.2
2008,White,Other assaults,No classification,645870,65.2
2008,American Indian,Prostitution and commercialized vice,No classification,491,0.8
2008,Asian or Pacific Islander,Prostitution and commercialized vice,No classification,1518,2.6
2008,Black,Prostitution and commercialized vice,No classification,23987,40.9
2008,White,Prostitution and commercialized vice,No classification,32682,55.7
2008,American Indian,Rape,Violent crime,198,1.2
2008,Asian or Pacific Islander,Rape,Violent crime,231,1.4
2008,Black,Rape,Violent crime,5428,32.2
2008,White,Rape,Violent crime,10990,65.2
2008,American Indian,Robbery,Violent crime,681,0.7
2008,Asian or Pacific Islander,Robbery,Violent crime,934,0.9
2008,Black,Robbery,Violent crime,56948,56.7
2008,White,Robbery,Violent crime,41962,41.7
2008,American Indian,Runaways,No classification,1631,1.9
2008,Asian or Pacific Islander,Runaways,No classification,4047,4.8
2008,Black,Runaways,No classification,22749,27.1
2008,White,Runaways,No classification,55400,66.1
2008,American Indian,Sex offenses (except rape and prostitution),No classification,646,1.1
2008,Asian or Pacific Islander,Sex offenses (except rape and prostitution),No classification,837,1.4
2008,Black,Sex offenses (except rape and prostitution),No classification,14546,24
2008,White,Sex offenses (except rape and prostitution),No classification,44553,73.5
2008,American Indian,"Stolen property; buying, receiving, possessing",No classification,663,0.8
2008,Asian or Pacific Islander,"Stolen property; buying, receiving, possessing",No classification,711,0.8
2008,Black,"Stolen property; buying, receiving, possessing",No classification,31258,36.6
2008,White,"Stolen property; buying, receiving, possessing",No classification,52719,61.8
2008,American Indian,Suspicion,No classification,14,1.1
2008,Asian or Pacific Islander,Suspicion,No classification,7,0.6
2008,Black,Suspicion,No classification,642,51.5
2008,White,Suspicion,No classification,584,46.8
2008,American Indian,Vagrancy,No classification,500,1.9
2008,Asian or Pacific Islander,Vagrancy,No classification,133,0.5
2008,Black,Vagrancy,No classification,9945,37.8
2008,White,Vagrancy,No classification,15705,59.8
2008,American Indian,Vandalism,No classification,3359,1.5
2008,Asian or Pacific Islander,Vandalism,No classification,2521,1.2
2008,Black,Vandalism,No classification,47974,22
2008,White,Vandalism,No classification,164334,75.3
2008,American Indian,"Weapons; carrying, possessing, etc.",No classification,1010,0.7
2008,Asian or Pacific Islander,"Weapons; carrying, possessing, etc.",No classification,1291,0.9
2008,Black,"Weapons; carrying, possessing, etc.",No classification,57454,41.7
2008,White,"Weapons; carrying, possessing, etc.",No classification,78114,56.7
2009,American Indian,Aggravated assault,Violent crime,4613,1.4
2009,Asian or Pacific Islander,Aggravated assault,Violent crime,3929,1.2
2009,Black,Aggravated assault,Violent crime,111904,33.9
2009,White,Aggravated assault,Violent crime,209922,63.5
2009,American Indian,All other offenses (except traffic),No classification,43880,1.5
2009,Asian or Pacific Islander,All other offenses (except traffic),No classification,36446,1.2
2009,Black,All other offenses (except traffic),No classification,911670,31.1
2009,White,All other offenses (except traffic),No classification,1937221,66.1
2009,American Indian,Arson,Property crime,115,1.2
2009,Asian or Pacific Islander,Arson,Property crime,112,1.2
2009,Black,Arson,Property crime,2154,22.8
2009,White,Arson,Property crime,7085,74.8
2009,American Indian,Burglary,Property crime,2021,0.9
2009,Asian or Pacific Islander,Burglary,Property crime,2117,0.9
2009,Black,Burglary,Property crime,74419,31.7
2009,White,Burglary,Property crime,155994,66.5
2009,American Indian,Curfew and loitering law violations,No classification,872,1
2009,Asian or Pacific Islander,Curfew and loitering law violations,No classification,1060,1.2
2009,Black,Curfew and loitering law violations,No classification,33207,37.1
2009,White,Curfew and loitering law violations,No classification,54439,60.8
2009,American Indian,Disorderly conduct,No classification,8783,1.7
2009,Asian or Pacific Islander,Disorderly conduct,No classification,4174,0.8
2009,Black,Disorderly conduct,No classification,176169,34.2
2009,White,Disorderly conduct,No classification,326563,63.3
2009,American Indian,Driving under the influence,No classification,14903,1.3
2009,Asian or Pacific Islander,Driving under the influence,No classification,14460,1.3
2009,Black,Driving under the influence,No classification,121594,11
2009,White,Driving under the influence,No classification,954444,86.3
2009,American Indian,Drug abuse violations,No classification,8588,0.7
2009,Asian or Pacific Islander,Drug abuse violations,No classification,9444,0.7
2009,Black,Drug abuse violations,No classification,437623,33.6
2009,White,Drug abuse violations,No classification,845974,65
2009,American Indian,Drunkenness,No classification,8552,1.8
2009,Asian or Pacific Islander,Drunkenness,No classification,2844,0.6
2009,Black,Drunkenness,No classification,71020,15.1
2009,White,Drunkenness,No classification,387542,82.5
2009,American Indian,Embezzlement,No classification,75,0.5
2009,Asian or Pacific Islander,Embezzlement,No classification,248,1.8
2009,Black,Embezzlement,No classification,4429,31.7
2009,White,Embezzlement,No classification,9208,66
2009,American Indian,Forgery and counterfeiting,No classification,345,0.5
2009,Asian or Pacific Islander,Forgery and counterfeiting,No classification,728,1.1
2009,Black,Forgery and counterfeiting,No classification,21251,31.7
2009,White,Forgery and counterfeiting,No classification,44730,66.7
2009,American Indian,Fraud,No classification,1315,0.8
2009,Asian or Pacific Islander,Fraud,No classification,1519,0.9
2009,Black,Fraud,No classification,50367,31.2
2009,White,Fraud,No classification,108032,67
2009,American Indian,Gambling,No classification,27,0.3
2009,Asian or Pacific Islander,Gambling,No classification,211,2.6
2009,Black,Gambling,No classification,5518,68.6
2009,White,Gambling,No classification,2290,28.5
2009,American Indian,Larceny-theft,Property crime,14646,1.4
2009,Asian or Pacific Islander,Larceny-theft,Property crime,15219,1.4
2009,Black,Larceny-theft,Property crime,306625,29
2009,White,Larceny-theft,Property crime,719983,68.1
2009,American Indian,Liquor laws,No classification,14876,3.3
2009,Asian or Pacific Islander,Liquor laws,No classification,5591,1.3
2009,Black,Liquor laws,No classification,50431,11.4
2009,White,Liquor laws,No classification,373189,84
2009,American Indian,Motor vehicle theft,Property crime,817,1.3
2009,Asian or Pacific Islander,Motor vehicle theft,Property crime,841,1.3
2009,Black,Motor vehicle theft,Property crime,23184,36.3
2009,White,Motor vehicle theft,Property crime,39077,61.1
2009,American Indian,Murder and nonnegligent manslaughter,Violent crime,100,1
2009,Asian or Pacific Islander,Murder and nonnegligent manslaughter,Violent crime,97,1
2009,Black,Murder and nonnegligent manslaughter,Violent crime,4801,49.3
2009,White,Murder and nonnegligent manslaughter,Violent crime,4741,48.7
2009,American Indian,Offenses against the family and children,No classification,1690,1.9
2009,Asian or Pacific Islander,Offenses against the family and children,No classification,624,0.7
2009,Black,Offenses against the family and children,No classification,26850,30.8
2009,White,Offenses against the family and children,No classification,58068,66.6
2009,American Indian,Other assaults,No classification,15127,1.5
2009,Asian or Pacific Islander,Other assaults,No classification,12075,1.2
2009,Black,Other assaults,No classification,332435,32.2
2009,White,Other assaults,No classification,672865,65.2
2009,American Indian,Prostitution and commercialized vice,No classification,427,0.8
2009,Asian or Pacific Islander,Prostitution and commercialized vice,No classification,1413,2.5
2009,Black,Prostitution and commercialized vice,No classification,23021,40.7
2009,White,Prostitution and commercialized vice,No classification,31699,56
2009,American Indian,Rape,Violent crime,169,1
2009,Asian or Pacific Islander,Rape,Violent crime,230,1.4
2009,Black,Rape,Violent crime,5319,32.5
2009,White,Rape,Violent crime,10644,65.1
2009,American Indian,Robbery,Violent crime,726,0.7
2009,Asian or Pacific Islander,Robbery,Violent crime,989,1
2009,Black,Robbery,Violent crime,55742,55.5
2009,White,Robbery,Violent crime,43039,42.8
2009,American Indian,Runaways,No classification,1653,2.2
2009,Asian or Pacific Islander,Runaways,No classification,3950,5.4
2009,Black,Runaways,No classification,19670,26.7
2009,White,Runaways,No classification,48343,65.7
2009,American Indian,Sex offenses (except rape and prostitution),No classification,715,1.2
2009,Asian or Pacific Islander,Sex offenses (except rape and prostitution),No classification,873,1.5
2009,Black,Sex offenses (except rape and prostitution),No classification,14347,23.8
2009,White,Sex offenses (except rape and prostitution),No classification,44240,73.5
2009,American Indian,"Stolen property; buying, receiving, possessing",No classification,662,0.8
2009,Asian or Pacific Islander,"Stolen property; buying, receiving, possessing",No classification,742,0.9
2009,Black,"Stolen property; buying, receiving, possessing",No classification,29357,35.5
2009,White,"Stolen property; buying, receiving, possessing",No classification,51953,62.8
2009,American Indian,Suspicion,No classification,1,0.1
2009,Asian or Pacific Islander,Suspicion,No classification,7,0.5
2009,Black,Suspicion,No classification,828,54.7
2009,White,Suspicion,No classification,677,44.7
2009,American Indian,Vagrancy,No classification,543,2.1
2009,Asian or Pacific Islander,Vagrancy,No classification,192,0.7
2009,Black,Vagrancy,No classification,11031,41.9
2009,White,Vagrancy,No classification,14581,55.3
2009,American Indian,Vandalism,No classification,3352,1.6
2009,Asian or Pacific Islander,Vandalism,No classification,2352,1.1
2009,Black,Vandalism,No classification,48746,23
2009,White,Vandalism,No classification,157723,74.3
2009,American Indian,"Weapons; carrying, possessing, etc.",No classification,951,0.7
2009,Asian or Pacific Islander,"Weapons; carrying, possessing, etc.",No classification,1169,0.9
2009,Black,"Weapons; carrying, possessing, etc.",No classification,53441,41
2009,White,"Weapons; carrying, possessing, etc.",No classification,74942,57.4
2010,American Indian,Aggravated assault,Violent crime,4854,1.5
2010,Asian or Pacific Islander,Aggravated assault,Violent crime,3924,1.2
2010,Black,Aggravated assault,Violent crime,106382,33.5
2010,White,Aggravated assault,Violent crime,202275,63.7
2010,American Indian,All other offenses (except traffic),No classification,43634,1.5
2010,Asian or Pacific Islander,All other offenses (except traffic),No classification,35599,1.2
2010,Black,All other offenses (except traffic),No classification,893018,31
2010,White,All other offenses (except traffic),No classification,1905436,66.2
2010,American Indian,Arson,Property crime,100,1.1
2010,Asian or Pacific Islander,Arson,Property crime,96,1.1
2010,Black,Arson,Property crime,1978,22.6
2010,White,Arson,Property crime,6592,75.2
2010,American Indian,Burglary,Property crime,1961,0.9
2010,Asian or Pacific Islander,Burglary,Property crime,2063,0.9
2010,Black,Burglary,Property crime,69541,30.8
2010,White,Burglary,Property crime,152210,67.4
2010,American Indian,Curfew and loitering law violations,No classification,744,1
2010,Asian or Pacific Islander,Curfew and loitering law violations,No classification,929,1.3
2010,Black,Curfew and loitering law violations,No classification,28036,38.1
2010,White,Curfew and loitering law violations,No classification,43961,59.7
2010,American Indian,Disorderly conduct,No classification,8415,1.8
2010,Asian or Pacific Islander,Disorderly conduct,No classification,3990,0.8
2010,Black,Disorderly conduct,No classification,162521,33.9
2010,White,Disorderly conduct,No classification,305154,63.6
2010,American Indian,Driving under the influence,No classification,13980,1.3
2010,Asian or Pacific Islander,Driving under the influence,No classification,16338,1.5
2010,Black,Driving under the influence,No classification,124467,11.5
2010,White,Driving under the influence,No classification,927516,85.7
2010,American Indian,Drug abuse violations,No classification,8766,0.7
2010,Asian or Pacific Islander,Drug abuse violations,No classification,10332,0.8
2010,Black,Drug abuse violations,No classification,404609,31.8
2010,White,Drug abuse violations,No classification,846736,66.6
2010,American Indian,Drunkenness,No classification,8583,1.9
2010,Asian or Pacific Islander,Drunkenness,No classification,2872,0.7
2010,Black,Drunkenness,No classification,66837,15.2
2010,White,Drunkenness,No classification,362396,82.2
2010,American Indian,Embezzlement,No classification,88,0.7
2010,Asian or Pacific Islander,Embezzlement,No classification,237,1.8
2010,Black,Embezzlement,No classification,4037,31.2
2010,White,Embezzlement,No classification,8568,66.3
2010,American Indian,Forgery and counterfeiting,No classification,342,0.6
2010,Asian or Pacific Islander,Forgery and counterfeiting,No classification,679,1.1
2010,Black,Forgery and counterfeiting,No classification,19350,32
2010,White,Forgery and counterfeiting,No classification,40167,66.4
2010,American Indian,Fraud,No classification,1253,0.9
2010,Asian or Pacific Islander,Fraud,No classification,1342,0.9
2010,Black,Fraud,No classification,46493,32.2
2010,White,Fraud,No classification,95126,66
2010,American Indian,Gambling,No classification,32,0.4
2010,Asian or Pacific Islander,Gambling,No classification,249,3.3
2010,Black,Gambling,No classification,5071,67.5
2010,White,Gambling,No classification,2160,28.8
2010,American Indian,Larceny-theft,Property crime,14323,1.4
2010,Asian or Pacific Islander,Larceny-theft,Property crime,14298,1.4
2010,Black,Larceny-theft,Property crime,282246,28.3
2010,White,Larceny-theft,Property crime,687609,68.9
2010,American Indian,Liquor laws,No classification,14129,3.6
2010,Asian or Pacific Islander,Liquor laws,No classification,5389,1.4
2010,Black,Liquor laws,No classification,47529,12
2010,White,Liquor laws,No classification,329895,83.1
2010,American Indian,Motor vehicle theft,Property crime,696,1.3
2010,Asian or Pacific Islander,Motor vehicle theft,Property crime,776,1.4
2010,Black,Motor vehicle theft,Property crime,18797,34
2010,White,Motor vehicle theft,Property crime,35009,63.3
2010,American Indian,Murder and nonnegligent manslaughter,Violent crime,91,1.1
2010,Asian or Pacific Islander,Murder and nonnegligent manslaughter,Violent crime,80,0.9
2010,Black,Murder and nonnegligent manslaughter,Violent crime,4209,48.7
2010,White,Murder and nonnegligent manslaughter,Violent crime,4261,49.3
2010,American Indian,Offenses against the family and children,No classification,1533,1.8
2010,Asian or Pacific Islander,Offenses against the family and children,No classification,576,0.7
2010,Black,Offenses against the family and children,No classification,26470,31.2
2010,White,Offenses against the family and children,No classification,56233,66.3
2010,American Indian,Other assaults,No classification,14848,1.5
2010,Asian or Pacific Islander,Other assaults,No classification,12137,1.2
2010,Black,Other assaults,No classification,318117,31.7
2010,White,Other assaults,No classification,659171,65.6
2010,American Indian,Prostitution and commercialized vice,No classification,342,0.7
2010,Asian or Pacific Islander,Prostitution and commercialized vice,No classification,1251,2.6
2010,Black,Prostitution and commercialized vice,No classification,20405,42.4
2010,White,Prostitution and commercialized vice,No classification,26156,54.3
2010,American Indian,Rape,Violent crime,214,1.4
2010,Asian or Pacific Islander,Rape,Violent crime,186,1.2
2010,Black,Rape,Violent crime,4925,31.8
2010,White,Rape,Violent crime,10178,65.7
2010,American Indian,Robbery,Violent crime,617,0.7
2010,Asian or Pacific Islander,Robbery,Violent crime,910,1
2010,Black,Robbery,Violent crime,48154,55
2010,White,Robbery,Violent crime,37906,43.3
2010,American Indian,Sex offenses (except rape and prostitution),No classification,744,1.3
2010,Asian or Pacific Islander,Sex offenses (except rape and prostitution),No classification,793,1.4
2010,Black,Sex offenses (except rape and prostitution),No classification,13182,23.5
2010,White,Sex offenses (except rape and prostitution),No classification,41406,73.8
2010,American Indian,"Stolen property; buying, receiving, possessing",No classification,598,0.8
2010,Asian or Pacific Islander,"Stolen property; buying, receiving, possessing",No classification,727,1
2010,Black,"Stolen property; buying, receiving, possessing",No classification,24494,33
2010,White,"Stolen property; buying, receiving, possessing",No classification,48303,65.2
2010,American Indian,Suspicion,No classification,5,0.6
2010,Asian or Pacific Islander,Suspicion,No classification,6,0.7
2010,Black,Suspicion,No classification,310,34.3
2010,White,Suspicion,No classification,582,64.5
2010,American Indian,Vagrancy,No classification,567,2.3
2010,Asian or Pacific Islander,Vagrancy,No classification,165,0.7
2010,Black,Vagrancy,No classification,9935,40.1
2010,White,Vagrancy,No classification,14092,56.9
2010,American Indian,Vandalism,No classification,3279,1.7
2010,Asian or Pacific Islander,Vandalism,No classification,2146,1.1
2010,Black,Vandalism,No classification,46306,23.5
2010,White,Vandalism,No classification,145284,73.7
2010,American Indian,"Weapons; carrying, possessing, etc.",No classification,874,0.7
2010,Asian or Pacific Islander,"Weapons; carrying, possessing, etc.",No classification,1189,1
2010,Black,"Weapons; carrying, possessing, etc.",No classification,49443,40.1
2010,White,"Weapons; carrying, possessing, etc.",No classification,71772,58.2
2011,American Indian,Aggravated assault,Violent crime,4540,1.5
2011,Asian or Pacific Islander,Aggravated assault,Violent crime,3102,1
2011,Black,Aggravated assault,Violent crime,102597,33.6
2011,White,Aggravated assault,Violent crime,194981,63.9
2011,American Indian,All other offenses (except traffic),No classification,42869,1.6
2011,Asian or Pacific Islander,All other offenses (except traffic),No classification,18966,0.7
2011,Black,All other offenses (except traffic),No classification,837095,31.1
2011,White,All other offenses (except traffic),No classification,1794893,66.6
2011,American Indian,Arson,Property crime,107,1.2
2011,Asian or Pacific Islander,Arson,Property crime,77,0.9
2011,Black,Arson,Property crime,2302,25.7
2011,White,Arson,Property crime,6479,72.3
2011,American Indian,Burglary,Property crime,2095,0.9
2011,Asian or Pacific Islander,Burglary,Property crime,1626,0.7
2011,Black,Burglary,Property crime,72244,31.7
2011,White,Burglary,Property crime,151934,66.7
2011,American Indian,Curfew and loitering law violations,No classification,829,1.4
2011,Asian or Pacific Islander,Curfew and loitering law violations,No classification,721,1.2
2011,Black,Curfew and loitering law violations,No classification,21343,36.1
2011,White,Curfew and loitering law violations,No classification,36271,61.3
2011,American Indian,Disorderly conduct,No classification,8771,2
2011,Asian or Pacific Islander,Disorderly conduct,No classification,3059,0.7
2011,Black,Disorderly conduct,No classification,153840,34.4
2011,White,Disorderly conduct,No classification,281531,63
2011,American Indian,Driving under the influence,No classification,13618,1.5
2011,Asian or Pacific Islander,Driving under the influence,No classification,10937,1.2
2011,Black,Driving under the influence,No classification,111480,12.1
2011,White,Driving under the influence,No classification,788175,85.3
2011,American Indian,Drug abuse violations,No classification,8275,0.7
2011,Asian or Pacific Islander,Drug abuse violations,No classification,8779,0.7
2011,Black,Drug abuse violations,No classification,371248,31.7
2011,White,Drug abuse violations,No classification,783564,66.9
2011,American Indian,Drunkenness,No classification,7619,1.8
2011,Asian or Pacific Islander,Drunkenness,No classification,2817,0.7
2011,Black,Drunkenness,No classification,64268,15.5
2011,White,Drunkenness,No classification,339019,81.9
2011,American Indian,Embezzlement,No classification,65,0.5
2011,Asian or Pacific Islander,Embezzlement,No classification,202,1.6
2011,Black,Embezzlement,No classification,4032,32.4
2011,White,Embezzlement,No classification,8155,65.5
2011,American Indian,Forgery and counterfeiting,No classification,295,0.5
2011,Asian or Pacific Islander,Forgery and counterfeiting,No classification,562,1
2011,Black,Forgery and counterfeiting,No classification,17695,32.9
2011,White,Forgery and counterfeiting,No classification,35239,65.5
2011,American Indian,Fraud,No classification,1140,0.9
2011,Asian or Pacific Islander,Fraud,No classification,984,0.8
2011,Black,Fraud,No classification,40621,31.8
2011,White,Fraud,No classification,84919,66.5
2011,American Indian,Gambling,No classification,40,0.6
2011,Asian or Pacific Islander,Gambling,No classification,179,2.8
2011,Black,Gambling,No classification,4351,66.9
2011,White,Gambling,No classification,1937,29.8
2011,American Indian,Larceny-theft,Property crime,15122,1.5
2011,Asian or Pacific Islander,Larceny-theft,Property crime,10656,1.1
2011,Black,Larceny-theft,Property crime,281197,28.8
2011,White,Larceny-theft,Property crime,670768,68.6
2011,American Indian,Liquor laws,No classification,12896,3.4
2011,Asian or Pacific Islander,Liquor laws,No classification,4215,1.1
2011,Black,Liquor laws,No classification,51446,13.5
2011,White,Liquor laws,No classification,312106,82
2011,American Indian,Motor vehicle theft,Property crime,658,1.3
2011,Asian or Pacific Islander,Motor vehicle theft,Property crime,419,0.8
2011,Black,Motor vehicle theft,Property crime,17250,33.9
2011,White,Motor vehicle theft,Property crime,32575,64
2011,American Indian,Murder and nonnegligent manslaughter,Violent crime,105,1.3
2011,Asian or Pacific Islander,Murder and nonnegligent manslaughter,Violent crime,87,1
2011,Black,Murder and nonnegligent manslaughter,Violent crime,4149,49.7
2011,White,Murder and nonnegligent manslaughter,Violent crime,4000,48
2011,American Indian,Offenses against the family and children,No classification,1848,2.1
2011,Asian or Pacific Islander,Offenses against the family and children,No classification,582,0.7
2011,Black,Offenses against the family and children,No classification,28183,32.2
2011,White,Offenses against the family and children,No classification,56973,65
2011,American Indian,Other assaults,No classification,14875,1.6
2011,Asian or Pacific Islander,Other assaults,No classification,8133,0.9
2011,Black,Other assaults,No classification,304083,31.9
2011,White,Other assaults,No classification,625330,65.7
2011,American Indian,Prostitution and commercialized vice,No classification,255,0.6
2011,Asian or Pacific Islander,Prostitution and commercialized vice,No classification,1053,2.4
2011,Black,Prostitution and commercialized vice,No classification,19227,43.6
2011,White,Prostitution and commercialized vice,No classification,23555,53.4
2011,American Indian,Rape,Violent crime,170,1.2
2011,Asian or Pacific Islander,Rape,Violent crime,126,0.9
2011,Black,Rape,Violent crime,4811,32.9
2011,White,Rape,Violent crime,9504,65
2011,American Indian,Robbery,Violent crime,619,0.8
2011,Asian or Pacific Islander,Robbery,Violent crime,547,0.7
2011,Black,Robbery,Violent crime,45827,55.6
2011,White,Robbery,Violent crime,35443,43
2011,American Indian,Sex offenses (except rape and prostitution),No classification,729,1.4
2011,Asian or Pacific Islander,Sex offenses (except rape and prostitution),No classification,551,1
2011,Black,Sex offenses (except rape and prostitution),No classification,13189,24.9
2011,White,Sex offenses (except rape and prostitution),No classification,38422,72.6
2011,American Indian,"Stolen property; buying, receiving, possessing",No classification,542,0.8
2011,Asian or Pacific Islander,"Stolen property; buying, receiving, possessing",No classification,560,0.8
2011,Black,"Stolen property; buying, receiving, possessing",No classification,23191,32.3
2011,White,"Stolen property; buying, receiving, possessing",No classification,47434,66.1
2011,American Indian,Suspicion,No classification,5,0.4
2011,Asian or Pacific Islander,Suspicion,No classification,5,0.4
2011,Black,Suspicion,No classification,506,44
2011,White,Suspicion,No classification,634,55.1
2011,American Indian,Vagrancy,No classification,447,2
2011,Asian or Pacific Islander,Vagrancy,No classification,145,0.6
2011,Black,Vagrancy,No classification,8794,39.3
2011,White,Vagrancy,No classification,12989,58.1
2011,American Indian,Vandalism,No classification,3029,1.7
2011,Asian or Pacific Islander,Vandalism,No classification,1548,0.8
2011,Black,Vandalism,No classification,45055,24.7
2011,White,Vandalism,No classification,132850,72.8
2011,American Indian,"Weapons; carrying, possessing, etc.",No classification,859,0.7
2011,Asian or Pacific Islander,"Weapons; carrying, possessing, etc.",No classification,993,0.8
2011,Black,"Weapons; carrying, possessing, etc.",No classification,47515,40.3
2011,White,"Weapons; carrying, possessing, etc.",No classification,68453,58.1
2012,American Indian,Aggravated assault,Violent crime,4312,1.4
2012,Asian or Pacific Islander,Aggravated assault,Violent crime,4755,1.6
2012,Black,Aggravated assault,Violent crime,102371,34.1
2012,White,Aggravated assault,Violent crime,188505,62.8
2012,American Indian,All other offenses (except traffic),No classification,41206,1.6
2012,Asian or Pacific Islander,All other offenses (except traffic),No classification,26302,1
2012,Black,All other offenses (except traffic),No classification,808609,30.5
2012,White,All other offenses (except traffic),No classification,1773792,66.9
2012,American Indian,Arson,Property crime,141,1.6
2012,Asian or Pacific Islander,Arson,Property crime,103,1.2
2012,Black,Arson,Property crime,2083,23.6
2012,White,Arson,Property crime,6500,73.6
2012,American Indian,Burglary,Property crime,1966,0.9
2012,Asian or Pacific Islander,Burglary,Property crime,2556,1.2
2012,Black,Burglary,Property crime,67554,30.8
2012,White,Burglary,Property crime,147156,67.1
2012,American Indian,Curfew and loitering law violations,No classification,526,1
2012,Asian or Pacific Islander,Curfew and loitering law violations,No classification,670,1.2
2012,Black,Curfew and loitering law violations,No classification,20666,38.3
2012,White,Curfew and loitering law violations,No classification,32050,59.4
2012,American Indian,Disorderly conduct,No classification,7751,1.9
2012,Asian or Pacific Islander,Disorderly conduct,No classification,3216,0.8
2012,Black,Disorderly conduct,No classification,145183,34.7
2012,White,Disorderly conduct,No classification,262810,62.7
2012,American Indian,Driving under the influence,No classification,13313,1.4
2012,Asian or Pacific Islander,Driving under the influence,No classification,18742,1.9
2012,Black,Driving under the influence,No classification,118557,12.1
2012,White,Driving under the influence,No classification,830498,84.6
2012,American Indian,Drug abuse violations,No classification,8299,0.7
2012,Asian or Pacific Islander,Drug abuse violations,No classification,12545,1
2012,Black,Drug abuse violations,No classification,372914,31.2
2012,White,Drug abuse violations,No classification,801198,67
2012,American Indian,Drunkenness,No classification,7218,1.8
2012,Asian or Pacific Islander,Drunkenness,No classification,4229,1.1
2012,Black,Drunkenness,No classification,62944,15.8
2012,White,Drunkenness,No classification,324209,81.3
2012,American Indian,Embezzlement,No classification,74,0.6
2012,Asian or Pacific Islander,Embezzlement,No classification,200,1.6
2012,Black,Embezzlement,No classification,4103,33.2
2012,White,Embezzlement,No classification,7994,64.6
2012,American Indian,Forgery and counterfeiting,No classification,239,0.5
2012,Asian or Pacific Islander,Forgery and counterfeiting,No classification,670,1.3
2012,Black,Forgery and counterfeiting,No classification,16900,32.7
2012,White,Forgery and counterfeiting,No classification,33950,65.6
2012,American Indian,Fraud,No classification,1143,1
2012,Asian or Pacific Islander,Fraud,No classification,1061,0.9
2012,Black,Fraud,No classification,37171,31.6
2012,White,Fraud,No classification,78331,66.5
2012,American Indian,Gambling,No classification,22,0.4
2012,Asian or Pacific Islander,Gambling,No classification,214,3.6
2012,Black,Gambling,No classification,4008,67.4
2012,White,Gambling,No classification,1707,28.7
2012,American Indian,Larceny-theft,Property crime,15052,1.5
2012,Asian or Pacific Islander,Larceny-theft,Property crime,13332,1.3
2012,Black,Larceny-theft,Property crime,288025,29
2012,White,Larceny-theft,Property crime,677895,68.2
2012,American Indian,Liquor laws,No classification,11314,3.4
2012,Asian or Pacific Islander,Liquor laws,No classification,4561,1.4
2012,Black,Liquor laws,No classification,46355,13.7
2012,White,Liquor laws,No classification,275457,81.6
2012,American Indian,Motor vehicle theft,Property crime,645,1.2
2012,Asian or Pacific Islander,Motor vehicle theft,Property crime,755,1.4
2012,Black,Motor vehicle theft,Property crime,16301,30.8
2012,White,Motor vehicle theft,Property crime,35251,66.6
2012,American Indian,Murder and nonnegligent manslaughter,Violent crime,102,1.2
2012,Asian or Pacific Islander,Murder and nonnegligent manslaughter,Violent crime,100,1.2
2012,Black,Murder and nonnegligent manslaughter,Violent crime,4203,49.4
2012,White,Murder and nonnegligent manslaughter,Violent crime,4101,48.2
2012,American Indian,Offenses against the family and children,No classification,1740,2.1
2012,Asian or Pacific Islander,Offenses against the family and children,No classification,564,0.7
2012,Black,Offenses against the family and children,No classification,25698,31.4
2012,White,Offenses against the family and children,No classification,53760,65.8
2012,American Indian,Other assaults,No classification,13898,1.5
2012,Asian or Pacific Islander,Other assaults,No classification,10215,1.1
2012,Black,Other assaults,No classification,294678,31.9
2012,White,Other assaults,No classification,606048,65.5
2012,American Indian,Prostitution and commercialized vice,No classification,175,0.4
2012,Asian or Pacific Islander,Prostitution and commercialized vice,No classification,1383,3.2
2012,Black,Prostitution and commercialized vice,No classification,18486,42.8
2012,White,Prostitution and commercialized vice,No classification,23172,53.6
